{"files":{"fsmk_icon_small-d229a046ae14e6e86d6f89a3b8d609c9.png":{"logical_path":"fsmk_icon_small.png","mtime":"2015-03-05T23:46:54+05:30","size":4961,"digest":"d229a046ae14e6e86d6f89a3b8d609c9"},"lab-5f9ff8f813061a042b281c60a82d1f93.png":{"logical_path":"lab.png","mtime":"2015-03-05T22:33:33+05:30","size":97418,"digest":"5f9ff8f813061a042b281c60a82d1f93"},"slides/slide_1-165715ed09edd2903d6f950ff7f5e06d.jpg":{"logical_path":"slides/slide_1.jpg","mtime":"2015-03-05T22:33:33+05:30","size":144856,"digest":"165715ed09edd2903d6f950ff7f5e06d"},"slides/slide_2-358439cf3cfa53f28f2cb91fd8b58cf4.jpg":{"logical_path":"slides/slide_2.jpg","mtime":"2015-03-05T22:33:33+05:30","size":229799,"digest":"358439cf3cfa53f28f2cb91fd8b58cf4"},"slides/slide_3-e6c73e8a4e935a03a72466cb3c10183b.jpg":{"logical_path":"slides/slide_3.jpg","mtime":"2015-03-05T22:33:33+05:30","size":117155,"digest":"e6c73e8a4e935a03a72466cb3c10183b"},"tile-6b85843b1b130e512bc03819c9172ff6.png":{"logical_path":"tile.png","mtime":"2015-03-05T22:33:33+05:30","size":25943,"digest":"6b85843b1b130e512bc03819c9172ff6"},"tile/fsmk_camp-988c9485e1fce73d867099a9830a5a71.png":{"logical_path":"tile/fsmk_camp.png","mtime":"2015-03-05T22:33:33+05:30","size":34673,"digest":"988c9485e1fce73d867099a9830a5a71"},"tile/glug-c49a3ed6095d9b1aaacacc4041d7d28b.jpg":{"logical_path":"tile/glug.jpg","mtime":"2015-03-05T22:33:33+05:30","size":901542,"digest":"c49a3ed6095d9b1aaacacc4041d7d28b"},"welcome_logo-287036ddb74d13629510bd125100c112.png":{"logical_path":"welcome_logo.png","mtime":"2014-11-09T10:40:02+05:30","size":19156,"digest":"287036ddb74d13629510bd125100c112"},"application-7ea68606d7300a971e560d9f0544e7ad.js":{"logical_path":"application.js","mtime":"2015-03-05T22:33:33+05:30","size":251346,"digest":"7ea68606d7300a971e560d9f0544e7ad"},"application-f9c4d14752be137f3fcf1dd8c1b47554.css":{"logical_path":"application.css","mtime":"2015-03-06T00:48:33+05:30","size":204641,"digest":"f9c4d14752be137f3fcf1dd8c1b47554"},"modernizr-249187613648a9593b6108843861e876.js":{"logical_path":"modernizr.js","mtime":"2014-11-08T23:33:18+05:30","size":11074,"digest":"249187613648a9593b6108843861e876"},"bootstrap/glyphicons-halflings-regular-ebefec372421e993d54d9d200df59a42.eot":{"logical_path":"bootstrap/glyphicons-halflings-regular.eot","mtime":"2014-11-08T23:30:26+05:30","size":20335,"digest":"ebefec372421e993d54d9d200df59a42"},"bootstrap/glyphicons-halflings-regular-4efc2768341f1b1dd70a70487516b021.svg":{"logical_path":"bootstrap/glyphicons-halflings-regular.svg","mtime":"2014-11-08T23:30:26+05:30","size":62926,"digest":"4efc2768341f1b1dd70a70487516b021"},"bootstrap/glyphicons-halflings-regular-7612802e5e6878c5fa11b6fb20b1da98.ttf":{"logical_path":"bootstrap/glyphicons-halflings-regular.ttf","mtime":"2014-11-08T23:30:26+05:30","size":41280,"digest":"7612802e5e6878c5fa11b6fb20b1da98"},"bootstrap/glyphicons-halflings-regular-3029b5c34826b41e54c656781de6dc98.woff":{"logical_path":"bootstrap/glyphicons-halflings-regular.woff","mtime":"2014-11-08T23:30:26+05:30","size":23320,"digest":"3029b5c34826b41e54c656781de6dc98"},"font-awesome/fontawesome-webfont-d945ee740a06a0d707ca2ce3cfa15351.eot":{"logical_path":"font-awesome/fontawesome-webfont.eot","mtime":"2014-11-08T23:32:44+05:30","size":56006,"digest":"d945ee740a06a0d707ca2ce3cfa15351"},"font-awesome/fontawesome-webfont-500b2027cda1fe176dc113cbe616fc1f.svg":{"logical_path":"font-awesome/fontawesome-webfont.svg","mtime":"2014-11-08T23:32:44+05:30","size":287007,"digest":"500b2027cda1fe176dc113cbe616fc1f"},"font-awesome/fontawesome-webfont-3f3719e7ae65cc72f214702b9538789c.ttf":{"logical_path":"font-awesome/fontawesome-webfont.ttf","mtime":"2014-11-08T23:32:44+05:30","size":112160,"digest":"3f3719e7ae65cc72f214702b9538789c"},"font-awesome/fontawesome-webfont-4a67757818c93bfe6debbfc1d038d0d2.woff":{"logical_path":"font-awesome/fontawesome-webfont.woff","mtime":"2014-11-08T23:32:44+05:30","size":65452,"digest":"4a67757818c93bfe6debbfc1d038d0d2"},"slides/slide_1-8aa8578e002b4277eb4aded59ae00b15.jpg":{"logical_path":"slides/slide_1.jpg","mtime":"2015-03-11T00:09:40+05:30","size":70671,"digest":"8aa8578e002b4277eb4aded59ae00b15"},"slides/slide_2-96e54dbe87b808443240b0ea3f45357a.jpg":{"logical_path":"slides/slide_2.jpg","mtime":"2015-03-10T23:29:24+05:30","size":69616,"digest":"96e54dbe87b808443240b0ea3f45357a"},"slides/slide_3-8aa8578e002b4277eb4aded59ae00b15.jpg":{"logical_path":"slides/slide_3.jpg","mtime":"2015-03-11T00:09:40+05:30","size":70671,"digest":"8aa8578e002b4277eb4aded59ae00b15"},"application-05666c94830bd8f5e163afc43635b61d.css":{"logical_path":"application.css","mtime":"2015-03-10T23:42:49+05:30","size":204686,"digest":"05666c94830bd8f5e163afc43635b61d"}},"assets":{"fsmk_icon_small.png":"fsmk_icon_small-d229a046ae14e6e86d6f89a3b8d609c9.png","lab.png":"lab-5f9ff8f813061a042b281c60a82d1f93.png","slides/slide_1.jpg":"slides/slide_1-8aa8578e002b4277eb4aded59ae00b15.jpg","slides/slide_2.jpg":"slides/slide_2-96e54dbe87b808443240b0ea3f45357a.jpg","slides/slide_3.jpg":"slides/slide_3-8aa8578e002b4277eb4aded59ae00b15.jpg","tile.png":"tile-6b85843b1b130e512bc03819c9172ff6.png","tile/fsmk_camp.png":"tile/fsmk_camp-988c9485e1fce73d867099a9830a5a71.png","tile/glug.jpg":"tile/glug-c49a3ed6095d9b1aaacacc4041d7d28b.jpg","welcome_logo.png":"welcome_logo-287036ddb74d13629510bd125100c112.png","application.js":"application-7ea68606d7300a971e560d9f0544e7ad.js","application.css":"application-05666c94830bd8f5e163afc43635b61d.css","modernizr.js":"modernizr-249187613648a9593b6108843861e876.js","bootstrap/glyphicons-halflings-regular.eot":"bootstrap/glyphicons-halflings-regular-ebefec372421e993d54d9d200df59a42.eot","bootstrap/glyphicons-halflings-regular.svg":"bootstrap/glyphicons-halflings-regular-4efc2768341f1b1dd70a70487516b021.svg","bootstrap/glyphicons-halflings-regular.ttf":"bootstrap/glyphicons-halflings-regular-7612802e5e6878c5fa11b6fb20b1da98.ttf","bootstrap/glyphicons-halflings-regular.woff":"bootstrap/glyphicons-halflings-regular-3029b5c34826b41e54c656781de6dc98.woff","font-awesome/fontawesome-webfont.eot":"font-awesome/fontawesome-webfont-d945ee740a06a0d707ca2ce3cfa15351.eot","font-awesome/fontawesome-webfont.svg":"font-awesome/fontawesome-webfont-500b2027cda1fe176dc113cbe616fc1f.svg","font-awesome/fontawesome-webfont.ttf":"font-awesome/fontawesome-webfont-3f3719e7ae65cc72f214702b9538789c.ttf","font-awesome/fontawesome-webfont.woff":"font-awesome/fontawesome-webfont-4a67757818c93bfe6debbfc1d038d0d2.woff"}}